Julianne,Simonis,1972-07-01,"(968) 387-1579 x582"
Nadia,Strosin,1987-01-08,"1-289-314-3627 x34259"
Molly,Hessel,1970-05-17,694-462-2411
Irma,Hoppe,1982-10-26,"727-980-9748 x41394"
Jesus,DuBuque,1972-10-19,1-618-424-8079
Litzy,Turner,1970-01-24,"993.949.6999 x2075"
Eudora,Keeling,1992-05-26,1-790-222-5353
Joana,Senger,1997-01-01,"725.700.8192 x045"
Crystal,Rippin,1998-09-23,"(595) 963-2548 x5109"
Isidro,Stiedemann,1997-12-10,+1-331-521-4351
Marcos,Weissnat,1975-08-25,"797.351.2031 x704"
Ophelia,Wilderman,1975-03-31,1-352-477-4942
Kaylie,Hilpert,1995-08-19,"451.604.5555 x198"
Steve,Auer,1973-01-07,"(281) 547-7331"
Carroll,Reynolds,1989-02-27,"1-804-788-4483 x666"
Buster,Hill,1976-05-05,"238.641.8321 x7108"
Isai,Medhurst,1984-08-31,1-931-256-4290
Johnson,Kilback,1970-04-10,"895.447.8569 x62937"
Donald,Effertz,1981-01-24,"669-454-6304 x46041"
Rebekah,Zboncak,1970-02-26,"1-335-646-1591 x549"
Avis,Koelpin,1982-06-30,"868-712-7790 x66649"
Mike,Lubowitz,1998-08-15,+1-309-575-7143
Mozelle,O'Connell,2002-03-04,912.632.7523
Emely,Runte,1970-04-23,"1-667-827-0819 x17987"
Dayton,McCullough,1982-06-23,873.218.5350
Kitty,Kuhlman,1983-08-26,"(393) 921-0780"
Kareem,Bergstrom,1981-01-08,"872-949-0182 x15468"
Citlalli,Bogan,1973-01-11,"(693) 573-0262 x49197"
Trevor,Johnson,1985-10-15,"(846) 634-7888"
Caroline,Terry,1971-02-16,+17713875467
Sammy,Deckow,1994-05-15,+17758330839
Duane,Green,1989-07-27,"(392) 417-3931 x84591"
Lucious,Howell,1979-01-07,"907-876-1904 x560"
Zoie,McClure,1974-01-20,1-612-935-8311
Layla,Price,1978-11-26,"+1 (992) 246-2358"
Judd,Kirlin,1991-06-11,1-476-281-3522
May,Hahn,1977-01-20,"(819) 862-7270"
Floy,Baumbach,1989-03-05,"(759) 538-8557"
Keeley,Leuschke,2001-11-10,+1-976-666-2843
Ignacio,Hansen,1983-05-16,"(623) 979-1108"
Humberto,Donnelly,1988-11-09,254-942-8680
Rogers,Armstrong,1979-05-04,+15048610610
Jeanie,Gulgowski,1994-08-19,"1-726-421-8740 x820"
Carlie,Reinger,1998-05-05,"865-627-8187 x614"
Sabryna,Kovacek,1991-11-02,1-363-816-5462
Julien,Murazik,1982-04-16,"917.832.7070 x24632"
Newton,Langworth,1993-08-31,676-628-7341
Rigoberto,Lebsack,1979-08-04,"(885) 447-6395 x049"
Hollis,Corkery,1977-06-01,"353-630-6832 x450"
Ivah,Wehner,1978-08-16,991.297.5591
Alfonso,Smitham,1997-09-18,"(446) 433-5440"
Shanie,Gerhold,1982-01-30,+1.437.894.7097
Cielo,Shields,1980-04-20,"574.536.1800 x265"
Johathan,Pfeffer,1998-10-15,"(972) 442-4142"
Garnet,Russel,1992-04-05,+1-835-982-5414
Simeon,Howe,1983-07-27,"(601) 359-9111 x04381"
Dorian,Ankunding,2002-03-26,"1-839-335-9801 x58963"
Greta,Towne,1974-12-21,"727-572-5761 x1217"
Carter,Barton,2000-04-06,"+1 (696) 677-2711"
Elvis,Schamberger,2001-02-14,1-432-659-7798
Lavinia,Swaniawski,1970-05-23,"(738) 804-5204"
Shea,Paucek,1972-05-10,625.799.0364
Guiseppe,Heller,1994-04-29,305-684-6326
Milton,O'Keefe,1991-05-27,"298-498-5499 x75813"
Nolan,Von,1974-02-04,"1-323-445-2133 x034"
Floyd,Wyman,2001-12-13,1-428-637-9690
Jaylan,Goldner,2001-05-26,"+1 (321) 924-1251"
Colby,Gleason,1979-02-19,+1-902-274-3956
Luigi,Feest,1994-01-08,"1-856-674-4780 x64251"
Jeromy,Kilback,1998-09-14,"803-495-0222 x453"
Ford,Trantow,2002-03-24,+1-778-480-1288
Brock,Gutmann,1995-08-06,530-508-6898
Meaghan,Bins,1987-02-14,"(305) 307-2860 x89527"
Retha,Fadel,1994-12-19,"+1 (557) 585-1451"
Jaunita,Cummings,1999-07-23,+1-304-832-8852
Franz,Rau,1987-02-11,+15239936742
Hiram,Leffler,1979-06-21,205.215.9080
Durward,Marvin,1994-06-09,695.556.2058
Brionna,Kub,1971-05-04,"270.642.7189 x0524"
Noe,Cruickshank,1987-11-18,289.723.6065
Leda,Armstrong,1987-03-07,"1-294-596-7309 x09071"
Meagan,Schowalter,1974-09-09,"(924) 409-3539"
Frank,Bosco,1987-08-20,1-726-751-7792
Dante,Batz,1998-08-07,"440-823-2589 x4256"
Marcel,Beier,1988-01-05,943.699.4023
Raymond,Strosin,1979-12-20,"1-517-377-7583 x1825"
Cathrine,Berge,1988-02-12,"558.510.4507 x91162"
Katharina,Flatley,1994-06-10,+15895107162
Bart,Wintheiser,1994-07-15,+1-537-806-3247
Brandt,Trantow,1985-04-26,"(362) 322-4775"
Amara,Legros,1994-04-28,"484.829.9402 x94767"
Ruben,Moore,1970-11-09,"772-992-3766 x2917"
Jasper,Harris,1978-05-02,"559.720.6251 x95106"
Claudie,Swaniawski,1997-03-24,1-340-209-5004
Jeromy,Reichert,1994-08-05,"663.878.4297 x4298"
Alejandrin,Douglas,1974-01-31,"1-851-407-5537 x686"
Jovanny,Veum,1984-12-17,489-631-7607
Mafalda,Kunde,1989-09-14,"784.262.3061 x410"
Lyric,Kling,1974-09-24,"1-270-997-3867 x5799"
Berniece,Nicolas,1995-07-05,435.216.9680
